states,positives
Alabama,1.1212150485436898
Alaska,0.15750943396226413
Arizona,0.9361086124401913
Arkansas,0.6009868292682926
California,0.5451124401913875
Colorado,0.3197263157894735
Connecticut,0.4616684210526316
Delaware,0.6439126213592232
District of Columbia,0.0
Florida,0.7929585714285715
Georgia,0.8399043062200959
Hawaii,0.10787241379310344
Idaho,0.6593984536082471
Illinois,0.5121363636363638
Indiana,0.4556320574162676
Iowa,0.6405772946859903
Kansas,0.4622247572815533
Kentucky,0.3571432692307693
Louisiana,1.2648323671497588
Maine,0.10927897727272727
Maryland,0.3885639423076921
Massachusetts,0.3708004784688995
Michigan,0.37478755980861234
Minnesota,0.34340432692307676
Mississippi,1.140779702970297
Missouri,0.3322468899521531
Montana,0.283926618705036
Nebraska,0.49646321243523306
Nevada,0.7573803030303031
New Hampshire,0.23485857988165687
New Jersey,0.6311382775119619
New Mexico,0.34478789473684207
New York,0.5378296650717702
North Carolina,0.43183333333333324
North Dakota,0.45151282051282055
Ohio,0.2954043062200958
Oklahoma,0.540302415458937
Oregon,0.22936875
Pennsylvania,0.26842966507177035
Rhode Island,0.7777126213592235
South Carolina,0.8468459330143538
South Dakota,0.7242542857142855
Tennessee,0.526155980861244
Texas,0.9769277511961723
Utah,0.5925893719806762
Vermont,0.21768363636363633
Virginia,0.3484473684210528
Washington,0.35293684210526316
West Virginia,0.2176845
Wisconsin,0.32237224880382775
Wyoming,0.20541666666666666
